"sr_no","booking_id","room_id","user_id","rating","review","seen","datentime"
"1","6","4","2","3","1asdlkfj Lorem ipsum dolor sit amet, consectetur adipisicing elit. Quos voluptate vero sed tempore illo atque beatae asperiores, adipisci dicta quia nisi voluptates impedit perspiciatis, nobis libero ","0","2023-11-15 21:48:52"
"2","9","4","2","3","2asdlkfj Lorem ipsum dolor sit amet, consectetur adipisicing elit. Quos voluptate vero sed tempore illo atque beatae asperiores, adipisci dicta quia nisi voluptates impedit perspiciatis, nobis libero ","1","2023-02-08 21:48:52"
"3","10","4","2","3","3asdlkfj Lorem ipsum dolor sit amet, consectetur adipisicing elit. Quos voluptate vero sed tempore illo atque beatae asperiores, adipisci dicta quia nisi voluptates impedit perspiciatis, nobis libero ","1","2023-02-08 21:48:52"
"4","11","4","2","2","1asdlkfj Lorem ipsum dolor sit amet, consectetur adipisicing elit. Quos voluptate vero sed tempore illo atque beatae asperiores, adipisci dicta quia nisi voluptates impedit perspiciatis, nobis libero ","1","2023-02-08 21:48:52"
"5","35","4","2","3","3asdlkfj Lorem ipsum dolor sit amet, consectetur adipisicing elit. Quos voluptate vero sed tempore illo atque beatae asperiores, adipisci dicta quia nisi voluptates impedit perspiciatis, nobis libero ","1","2023-02-08 21:48:52"
"6","36","3","2","3","3asdlkfj Lorem ipsum dolor sit amet, consectetur adipisicing elit. Quos voluptate vero sed tempore illo atque beatae asperiores, adipisci dicta quia nisi voluptates impedit perspiciatis, nobis libero ","1","2023-02-08 21:48:52"
"7","37","4","2","3","3asdlkfj Lorem ipsum dolor sit amet, consectetur adipisicing elit. Quos voluptate vero sed tempore illo atque beatae asperiores, adipisci dicta quia nisi voluptates impedit perspiciatis, nobis libero ","1","2023-02-08 21:48:52"
"8","42","4","2","3","3asdlkfj Lorem ipsum dolor sit amet, consectetur adipisicing elit. Quos voluptate vero sed tempore illo atque beatae asperiores, adipisci dicta quia nisi voluptates impedit perspiciatis, nobis libero ","1","2023-02-08 21:48:52"
"9","68","3","2","2","3asdlkfj Lorem ipsum dolor sit amet, consectetur adipisicing elit. Quos voluptate vero sed tempore illo atque beatae asperiores, adipisci dicta quia nisi voluptates impedit perspiciatis, nobis libero ","1","2023-02-08 21:48:52"
"10","69","4","2","2","3asdlkfj Lorem ipsum dolor sit amet, consectetur adipisicing elit. Quos voluptate vero sed tempore illo atque beatae asperiores, adipisci dicta quia nisi voluptates impedit perspiciatis, nobis libero ","1","2023-02-08 21:48:52"
"11","75","3","2","2","3asdlkfj Lorem ipsum dolor sit amet, consectetur adipisicing elit. Quos voluptate vero sed tempore illo atque beatae asperiores, adipisci dicta quia nisi voluptates impedit perspiciatis, nobis libero ","1","2023-02-08 21:48:52"
"12","77","3","2","2","3asdlkfj Lorem ipsum dolor sit amet, consectetur adipisicing elit. Quos voluptate vero sed tempore illo atque beatae asperiores, adipisci dicta quia nisi voluptates impedit perspiciatis, nobis libero ","1","2023-06-01 12:30:00"
"13","101","3","2","2","3asdlkfj Lorem ipsum dolor sit amet, consectetur adipisicing elit. Quos voluptate vero sed tempore illo atque beatae asperiores, adipisci dicta quia nisi voluptates impedit perspiciatis, nobis libero ","1","2023-06-02 15:45:00"
"14","102","4","2","2","3asdlkfj Lorem ipsum dolor sit amet, consectetur adipisicing elit. Quos voluptate vero sed tempore illo atque beatae asperiores, adipisci dicta quia nisi voluptates impedit perspiciatis, nobis libero ","1","2023-06-03 18:20:00"
"15","104","3","2","2","3asdlkfj Lorem ipsum dolor sit amet, consectetur adipisicing elit. Quos voluptate vero sed tempore illo atque beatae asperiores, adipisci dicta quia nisi voluptates impedit perspiciatis, nobis libero ","1","2023-06-04 10:10:00"
"16","110","3","2","4","3asdlkfj Lorem ipsum dolor sit amet, consectetur adipisicing elit. Quos voluptate vero sed tempore illo atque beatae asperiores, adipisci dicta quia nisi voluptates impedit perspiciatis, nobis libero ","1","2023-06-05 08:30:00"
"17","138","3","2","4","3asdlkfj Lorem ipsum dolor sit amet, consectetur adipisicing elit. Quos voluptate vero sed tempore illo atque beatae asperiores, adipisci dicta quia nisi voluptates impedit perspiciatis, nobis libero ","1","2023-06-06 14:15:00"
"18","139","3","2","4","3asdlkfj Lorem ipsum dolor sit amet, consectetur adipisicing elit. Quos voluptate vero sed tempore illo atque beatae asperiores, adipisci dicta quia nisi voluptates impedit perspiciatis, nobis libero ","1","2023-06-07 17:45:00"
"19","140","3","2","4","3asdlkfj Lorem ipsum dolor sit amet, consectetur adipisicing elit. Quos voluptate vero sed tempore illo atque beatae asperiores, adipisci dicta quia nisi voluptates impedit perspiciatis, nobis libero ","1","2023-06-08 09:25:00"
"20","142","3","2","2","3asdlkfj Lorem ipsum dolor sit amet, consectetur adipisicing elit. Quos voluptate vero sed tempore illo atque beatae asperiores, adipisci dicta quia nisi voluptates impedit perspiciatis, nobis libero ","1","2023-06-09 11:50:00"
"21","158","3","2","2","3asdlkfj Lorem ipsum dolor sit amet, consectetur adipisicing elit. Quos voluptate vero sed tempore illo atque beatae asperiores, adipisci dicta quia nisi voluptates impedit perspiciatis, nobis libero ","1","2023-06-10 20:05:00"
"22","160","3","2","2","3asdlkfj Lorem ipsum dolor sit amet, consectetur adipisicing elit. Quos voluptate vero sed tempore illo atque beatae asperiores, adipisci dicta quia nisi voluptates impedit perspiciatis, nobis libero ","1","2023-06-11 16:40:00"
"23","170","3","2","2","3asdlkfj Lorem ipsum dolor sit amet, consectetur adipisicing elit. Quos voluptate vero sed tempore illo atque beatae asperiores, adipisci dicta quia nisi voluptates impedit perspiciatis, nobis libero ","1","2023-06-12 19:15:00"
"24","172","3","2","2","3asdlkfj Lorem ipsum dolor sit amet, consectetur adipisicing elit. Quos voluptate vero sed tempore illo atque beatae asperiores, adipisci dicta quia nisi voluptates impedit perspiciatis, nobis libero ","1","2023-07-15 10:30:00"
"25","183","3","2","4","3asdlkfj Lorem ipsum dolor sit amet, consectetur adipisicing elit. Quos voluptate vero sed tempore illo atque beatae asperiores, adipisci dicta quia nisi voluptates impedit perspiciatis, nobis libero ","1","2023-07-15 10:30:00"
"26","184","6","2","4","3asdlkfj Lorem ipsum dolor sit amet, consectetur adipisicing elit. Quos voluptate vero sed tempore illo atque beatae asperiores, adipisci dicta quia nisi voluptates impedit perspiciatis, nobis libero ","1","2023-07-15 10:30:00"
"27","185","6","2","4","3asdlkfj Lorem ipsum dolor sit amet, consectetur adipisicing elit. Quos voluptate vero sed tempore illo atque beatae asperiores, adipisci dicta quia nisi voluptates impedit perspiciatis, nobis libero ","1","2023-07-15 10:30:00"
"28","186","5","2","4","3asdlkfj Lorem ipsum dolor sit amet, consectetur adipisicing elit. Quos voluptate vero sed tempore illo atque beatae asperiores, adipisci dicta quia nisi voluptates impedit perspiciatis, nobis libero ","1","2023-07-15 10:30:00"
"29","187","5","2","4","3asdlkfj Lorem ipsum dolor sit amet, consectetur adipisicing elit. Quos voluptate vero sed tempore illo atque beatae asperiores, adipisci dicta quia nisi voluptates impedit perspiciatis, nobis libero ","1","2023-07-15 10:30:00"
"30","188","5","2","4","3asdlkfj Lorem ipsum dolor sit amet, consectetur adipisicing elit. Quos voluptate vero sed tempore illo atque beatae asperiores, adipisci dicta quia nisi voluptates impedit perspiciatis, nobis libero ","1","2023-07-15 10:30:00"
"31","190","6","2","4","3asdlkfj Lorem ipsum dolor sit amet, consectetur adipisicing elit. Quos voluptate vero sed tempore illo atque beatae asperiores, adipisci dicta quia nisi voluptates impedit perspiciatis, nobis libero ","1","2023-07-15 10:30:00"
"32","191","5","2","4","3asdlkfj Lorem ipsum dolor sit amet, consectetur adipisicing elit. Quos voluptate vero sed tempore illo atque beatae asperiores, adipisci dicta quia nisi voluptates impedit perspiciatis, nobis libero ","1","2023-07-15 10:30:00"
"33","192","6","2","4","3asdlkfj Lorem ipsum dolor sit amet, consectetur adipisicing elit. Quos voluptate vero sed tempore illo atque beatae asperiores, adipisci dicta quia nisi voluptates impedit perspiciatis, nobis libero ","1","2023-07-15 10:30:00"
"34","193","5","2","4","3asdlkfj Lorem ipsum dolor sit amet, consectetur adipisicing elit. Quos voluptate vero sed tempore illo atque beatae asperiores, adipisci dicta quia nisi voluptates impedit perspiciatis, nobis libero ","1","2023-07-15 10:30:00"
"35","194","5","2","4","3asdlkfj Lorem ipsum dolor sit amet, consectetur adipisicing elit. Quos voluptate vero sed tempore illo atque beatae asperiores, adipisci dicta quia nisi voluptates impedit perspiciatis, nobis libero ","1","2023-07-15 10:30:00"
"36","195","5","2","3","3asdlkfj Lorem ipsum dolor sit amet, consectetur adipisicing elit. Quos voluptate vero sed tempore illo atque beatae asperiores, adipisci dicta quia nisi voluptates impedit perspiciatis, nobis libero ","1","2023-07-15 10:30:00"
"37","197","5","2","3","3asdlkfj Lorem ipsum dolor sit amet, consectetur adipisicing elit. Quos voluptate vero sed tempore illo atque beatae asperiores, adipisci dicta quia nisi voluptates impedit perspiciatis, nobis libero ","1","2023-07-15 10:30:00"
"38","198","5","2","5","3asdlkfj Lorem ipsum dolor sit amet, consectetur adipisicing elit. Quos voluptate vero sed tempore illo atque beatae asperiores, adipisci dicta quia nisi voluptates impedit perspiciatis, nobis libero ","1","2023-07-15 10:30:00"
"39","216","6","2","5","3asdlkfj Lorem ipsum dolor sit amet, consectetur adipisicing elit. Quos voluptate vero sed tempore illo atque beatae asperiores, adipisci dicta quia nisi voluptates impedit perspiciatis, nobis libero ","1","2023-08-10 14:45:00"
"40","217","5","2","5","3asdlkfj Lorem ipsum dolor sit amet, consectetur adipisicing elit. Quos voluptate vero sed tempore illo atque beatae asperiores, adipisci dicta quia nisi voluptates impedit perspiciatis, nobis libero ","1","2023-08-10 14:45:00"
"41","218","6","2","5","3asdlkfj Lorem ipsum dolor sit amet, consectetur adipisicing elit. Quos voluptate vero sed tempore illo atque beatae asperiores, adipisci dicta quia nisi voluptates impedit perspiciatis, nobis libero ","1","2023-08-10 14:45:00"
"42","219","6","2","5","3asdlkfj Lorem ipsum dolor sit amet, consectetur adipisicing elit. Quos voluptate vero sed tempore illo atque beatae asperiores, adipisci dicta quia nisi voluptates impedit perspiciatis, nobis libero ","1","2023-08-10 14:45:00"
"43","220","6","2","5","3asdlkfj Lorem ipsum dolor sit amet, consectetur adipisicing elit. Quos voluptate vero sed tempore illo atque beatae asperiores, adipisci dicta quia nisi voluptates impedit perspiciatis, nobis libero ","1","2023-08-10 14:45:00"
"44","221","5","2","5","3asdlkfj Lorem ipsum dolor sit amet, consectetur adipisicing elit. Quos voluptate vero sed tempore illo atque beatae asperiores, adipisci dicta quia nisi voluptates impedit perspiciatis, nobis libero ","1","2023-08-10 14:45:00"
"45","222","5","2","5","3asdlkfj Lorem ipsum dolor sit amet, consectetur adipisicing elit. Quos voluptate vero sed tempore illo atque beatae asperiores, adipisci dicta quia nisi voluptates impedit perspiciatis, nobis libero ","1","2023-08-10 14:45:00"
"46","223","6","2","5","3asdlkfj Lorem ipsum dolor sit amet, consectetur adipisicing elit. Quos voluptate vero sed tempore illo atque beatae asperiores, adipisci dicta quia nisi voluptates impedit perspiciatis, nobis libero ","1","2023-08-10 14:45:00"
"47","224","6","2","5","3asdlkfj Lorem ipsum dolor sit amet, consectetur adipisicing elit. Quos voluptate vero sed tempore illo atque beatae asperiores, adipisci dicta quia nisi voluptates impedit perspiciatis, nobis libero ","1","2023-08-10 14:45:00"
"48","225","5","2","5","3asdlkfj Lorem ipsum dolor sit amet, consectetur adipisicing elit. Quos voluptate vero sed tempore illo atque beatae asperiores, adipisci dicta quia nisi voluptates impedit perspiciatis, nobis libero ","1","2023-08-10 14:45:00"
"49","226","6","2","5","3asdlkfj Lorem ipsum dolor sit amet, consectetur adipisicing elit. Quos voluptate vero sed tempore illo atque beatae asperiores, adipisci dicta quia nisi voluptates impedit perspiciatis, nobis libero ","1","2023-08-10 14:45:00"
"50","227","5","2","5","3asdlkfj Lorem ipsum dolor sit amet, consectetur adipisicing elit. Quos voluptate vero sed tempore illo atque beatae asperiores, adipisci dicta quia nisi voluptates impedit perspiciatis, nobis libero ","1","2023-08-10 14:45:00"
"51","228","5","2","5","3asdlkfj Lorem ipsum dolor sit amet, consectetur adipisicing elit. Quos voluptate vero sed tempore illo atque beatae asperiores, adipisci dicta quia nisi voluptates impedit perspiciatis, nobis libero ","1","2023-08-10 14:45:00"
"52","229","5","2","5","3asdlkfj Lorem ipsum dolor sit amet, consectetur adipisicing elit. Quos voluptate vero sed tempore illo atque beatae asperiores, adipisci dicta quia nisi voluptates impedit perspiciatis, nobis libero ","1","2023-08-10 14:45:00"
"53","230","6","2","5","3asdlkfj Lorem ipsum dolor sit amet, consectetur adipisicing elit. Quos voluptate vero sed tempore illo atque beatae asperiores, adipisci dicta quia nisi voluptates impedit perspiciatis, nobis libero ","1","2023-08-10 14:45:00"
"54","231","5","2","5","3asdlkfj Lorem ipsum dolor sit amet, consectetur adipisicing elit. Quos voluptate vero sed tempore illo atque beatae asperiores, adipisci dicta quia nisi voluptates impedit perspiciatis, nobis libero ","1","2023-09-05 18:15:00"
"55","232","6","2","5","3asdlkfj Lorem ipsum dolor sit amet, consectetur adipisicing elit. Quos voluptate vero sed tempore illo atque beatae asperiores, adipisci dicta quia nisi voluptates impedit perspiciatis, nobis libero ","1","2023-09-05 18:15:00"
"56","251","3","2","5","3asdlkfj Lorem ipsum dolor sit amet, consectetur adipisicing elit. Quos voluptate vero sed tempore illo atque beatae asperiores, adipisci dicta quia nisi voluptates impedit perspiciatis, nobis libero ","1","2023-09-05 18:15:00"
"57","252","3","2","5","3asdlkfj Lorem ipsum dolor sit amet, consectetur adipisicing elit. Quos voluptate vero sed tempore illo atque beatae asperiores, adipisci dicta quia nisi voluptates impedit perspiciatis, nobis libero ","1","2023-09-05 18:15:00"
"58","253","3","2","5","3asdlkfj Lorem ipsum dolor sit amet, consectetur adipisicing elit. Quos voluptate vero sed tempore illo atque beatae asperiores, adipisci dicta quia nisi voluptates impedit perspiciatis, nobis libero ","1","2023-09-05 18:15:00"
"59","255","6","2","5","3asdlkfj Lorem ipsum dolor sit amet, consectetur adipisicing elit. Quos voluptate vero sed tempore illo atque beatae asperiores, adipisci dicta quia nisi voluptates impedit perspiciatis, nobis libero ","1","2023-09-05 18:15:00"
"60","256","6","2","5","3asdlkfj Lorem ipsum dolor sit amet, consectetur adipisicing elit. Quos voluptate vero sed tempore illo atque beatae asperiores, adipisci dicta quia nisi voluptates impedit perspiciatis, nobis libero ","1","2023-09-05 18:15:00"
"61","257","6","2","5","3asdlkfj Lorem ipsum dolor sit amet, consectetur adipisicing elit. Quos voluptate vero sed tempore illo atque beatae asperiores, adipisci dicta quia nisi voluptates impedit perspiciatis, nobis libero ","1","2023-09-05 18:15:00"
"62","260","6","2","5","3asdlkfj Lorem ipsum dolor sit amet, consectetur adipisicing elit. Quos voluptate vero sed tempore illo atque beatae asperiores, adipisci dicta quia nisi voluptates impedit perspiciatis, nobis libero ","1","2023-09-05 18:15:00"
"63","261","5","2","5","3asdlkfj Lorem ipsum dolor sit amet, consectetur adipisicing elit. Quos voluptate vero sed tempore illo atque beatae asperiores, adipisci dicta quia nisi voluptates impedit perspiciatis, nobis libero ","1","2023-09-05 18:15:00"
"64","262","5","2","4","3asdlkfj Lorem ipsum dolor sit amet, consectetur adipisicing elit. Quos voluptate vero sed tempore illo atque beatae asperiores, adipisci dicta quia nisi voluptates impedit perspiciatis, nobis libero ","1","2023-09-05 18:15:00"
"65","263","5","2","4","3asdlkfj Lorem ipsum dolor sit amet, consectetur adipisicing elit. Quos voluptate vero sed tempore illo atque beatae asperiores, adipisci dicta quia nisi voluptates impedit perspiciatis, nobis libero ","1","2023-09-05 18:15:00"
"66","264","5","2","4","3asdlkfj Lorem ipsum dolor sit amet, consectetur adipisicing elit. Quos voluptate vero sed tempore illo atque beatae asperiores, adipisci dicta quia nisi voluptates impedit perspiciatis, nobis libero ","1","2023-09-05 18:15:00"
"67","265","6","2","5","3asdlkfj Lorem ipsum dolor sit amet, consectetur adipisicing elit. Quos voluptate vero sed tempore illo atque beatae asperiores, adipisci dicta quia nisi voluptates impedit perspiciatis, nobis libero ","1","2023-09-05 18:15:00"
"68","266","6","2","5","3asdlkfj Lorem ipsum dolor sit amet, consectetur adipisicing elit. Quos voluptate vero sed tempore illo atque beatae asperiores, adipisci dicta quia nisi voluptates impedit perspiciatis, nobis libero ","1","2023-09-05 18:15:00"
"69","267","6","2","5","3asdlkfj Lorem ipsum dolor sit amet, consectetur adipisicing elit. Quos voluptate vero sed tempore illo atque beatae asperiores, adipisci dicta quia nisi voluptates impedit perspiciatis, nobis libero ","1","2023-09-25 20:30:00"
"70","268","6","2","5","3asdlkfj Lorem ipsum dolor sit amet, consectetur adipisicing elit. Quos voluptate vero sed tempore illo atque beatae asperiores, adipisci dicta quia nisi voluptates impedit perspiciatis, nobis libero ","1","2023-09-25 20:30:00"
"71","269","6","2","4","3asdlkfj Lorem ipsum dolor sit amet, consectetur adipisicing elit. Quos voluptate vero sed tempore illo atque beatae asperiores, adipisci dicta quia nisi voluptates impedit perspiciatis, nobis libero ","1","2023-09-25 20:30:00"
"72","270","4","2","4","3asdlkfj Lorem ipsum dolor sit amet, consectetur adipisicing elit. Quos voluptate vero sed tempore illo atque beatae asperiores, adipisci dicta quia nisi voluptates impedit perspiciatis, nobis libero ","1","2023-09-25 20:30:00"
"73","271","4","2","4","3asdlkfj Lorem ipsum dolor sit amet, consectetur adipisicing elit. Quos voluptate vero sed tempore illo atque beatae asperiores, adipisci dicta quia nisi voluptates impedit perspiciatis, nobis libero ","1","2023-09-25 20:30:00"
"74","272","4","2","4","3asdlkfj Lorem ipsum dolor sit amet, consectetur adipisicing elit. Quos voluptate vero sed tempore illo atque beatae asperiores, adipisci dicta quia nisi voluptates impedit perspiciatis, nobis libero ","1","2023-09-25 20:30:00"
"75","273","5","2","4","3asdlkfj Lorem ipsum dolor sit amet, consectetur adipisicing elit. Quos voluptate vero sed tempore illo atque beatae asperiores, adipisci dicta quia nisi voluptates impedit perspiciatis, nobis libero ","1","2023-09-25 20:30:00"
"76","274","5","2","4","3asdlkfj Lorem ipsum dolor sit amet, consectetur adipisicing elit. Quos voluptate vero sed tempore illo atque beatae asperiores, adipisci dicta quia nisi voluptates impedit perspiciatis, nobis libero ","1","2023-09-25 20:30:00"
