"booking_id","user_id","room_id","check_in","check_out","arrival","refund","booking_status","order_id","trans_id","trans_amt","trans_status","trans_resp_msg","rate_review","datentime"
"1","2","3","2023-12-15","2023-12-17","0",NULL,"pending","ORD_21055700",NULL,"5000","TXN_SUCCESS",NULL,NULL,"2023-01-10 00:00:00"
"2","2","3","2023-07-20","2023-07-22","1",NULL,"booked","ORD_24215693","20220720111212800110168128204225279","600","TXN_SUCCESS","Txn Success",NULL,"2023-07-20 00:00:00"
"3","2","3","2023-07-20","2023-07-26","0","1","cancelled","ORD_26312547","20220720111212800110168165603901976","1800","TXN_SUCCESS","Txn Success",NULL,"2023-07-20 00:00:00"
"4","2","6","2023-07-20","2023-07-25","0",NULL,"payment failed","ORD_28394638","20220720111212800110168372503893816","4500","TXN_FAILURE","Your payment has been declined by your bank. Please try again or use a different method to complete the payment.",NULL,"2023-07-20 00:00:00"
"5","2","6","2023-07-20","2023-07-21","0","1","cancelled","ORD_22877860","20220720111212800110168627705312020","900","TXN_SUCCESS","Txn Success",NULL,"2023-07-20 00:00:00"
"6","2","6","2023-07-20","2023-07-28","1",NULL,"booked","ORD_28689687","20220720111212800110168303704048087","7200","TXN_SUCCESS","Txn Success","1","2023-07-20 00:00:00"
"7","2","6","2023-07-29","2023-07-30","0",NULL,"pending","ORD_24272313",NULL,"0","pending",NULL,NULL,"2023-07-29 00:00:00"
"8","2","3","2023-08-14","2023-08-16","0","1","cancelled","ORD_22541670","20220814111212800110168092803967754","600","TXN_SUCCESS","Txn Success",NULL,"2023-08-14 00:00:00"
"9","2","5","2023-08-15","2023-08-20","1",NULL,"booked","ORD_25267746","20220815111212800110168656003990120","3000","TXN_SUCCESS","Txn Success","1","2023-08-15 00:00:00"
"10","2","5","2023-08-18","2023-08-21","1",NULL,"booked","ORD_27668816","20220815111212800110168905703947446","1800","TXN_SUCCESS","Txn Success","1","2023-08-15 00:00:00"
"11","2","6","2023-08-20","2023-08-23","1",NULL,"booked","ORD_25750549","20220820111212800110168431303975409","2700","TXN_SUCCESS","Txn Success","1","2023-08-20 00:00:00"
"12","2","3","2023-08-20","2023-08-24","1",NULL,"booked","ORD_2445093","20220820111212800110168173403969278","1200","TXN_SUCCESS","Txn Success","1","2023-08-20 00:00:00"
"13","2","4","2023-08-20","2023-08-26","1",NULL,"booked","ORD_29233995","20220820111212800110168584503978338","3000","TXN_SUCCESS","Txn Success","1","2023-08-20 00:00:00"
"14","2","5","2023-08-20","2023-08-24","1",NULL,"booked","ORD_28902800","20220820111212800110168816503988359","2400","TXN_SUCCESS","Txn Success","1","2023-08-20 00:00:00"
"15","2","5","2023-08-25","2023-08-27","0","1","cancelled","ORD_2240367","20220825111212800110168807304010818","1200","TXN_SUCCESS","Txn Success",NULL,"2023-08-21 00:00:00"
"16","2","5","2023-08-26","2023-08-28","1",NULL,"booked","ORD_28784829","20220825111212800110168627505415606","1200","TXN_SUCCESS","Txn Success","1","2023-08-25 00:00:00"
"17","2","3","2023-09-08","2023-09-11","1",NULL,"booked","ORD_21289330","20220908111212800110168809204050263","900","TXN_SUCCESS","Txn Success","0","2023-09-08 00:00:00"
"18","5","5","2023-12-14","2023-12-16","0",NULL,"pending","ORD_52387163",NULL,"0","pending",NULL,NULL,"2023-12-13 00:00:00"
"19","2","3","2023-12-14","2023-12-15","0",NULL,"pending","ORD_28406333",NULL,"0","pending",NULL,NULL,"2023-12-13 00:00:00"
"20","2","3","2023-12-14","2023-12-16","0",NULL,"pending","ORD_26701861",NULL,"0","pending",NULL,NULL,"2023-12-13 00:00:00"
"21","14","3","2023-11-16","2023-11-18","0",NULL,"pending","ORD_145915207",NULL,"0","pending",NULL,NULL,"2023-11-15 13:01:49"
"22","2","3","2023-02-23","2023-02-23","0","1","cancelled","ORD_28406336",,"500","TXN_SUCCESS","Txn Success",NULL,"2023-02-23 00:00:00"
"23","2","4","2023-02-23","2023-02-23","1",NULL,"booked","ORD_28406337",,"1000","TXN_SUCCESS","Txn Success",NULL,"2023-02-23 00:00:00"
"24","2","4","2023-02-23","2023-02-23","1",NULL,"booked","ORD_28406338",,"1000","TXN_SUCCESS","Txn Success",NULL,"2023-02-23 00:00:00"
"25","2","4","2023-02-23","2023-02-23","1",NULL,"booked","ORD_28406339",,"1000","TXN_SUCCESS","Txn Success",NULL,"2023-02-23 00:00:00"
"26","2","4","2023-02-23","2023-02-23","1",NULL,"booked","ORD_28406340",,"1000","TXN_SUCCESS","Txn Success",NULL,"2023-02-23 00:00:00"
"27","2","4","2023-02-23","2023-03-23","0","1","cancelled","ORD_28406341",,"1000","TXN_SUCCESS","Txn Success",NULL,"2023-02-23 00:00:00"
"28","2","4","2023-02-23","2023-03-23","0","1","cancelled","ORD_28406342",,"1000","TXN_SUCCESS","Txn Success",NULL,"2023-02-23 00:00:00"
"31","2","4","2023-03-23","2023-03-23","0","1","cancelled","ORD_155642763",,"1000","TXN_SUCCESS","Txn Success","0","2023-02-23 00:00:00"
"32","2","3","2023-03-23","2023-03-23","1",NULL,"booked","ORD_153864823",,"500","TXN_SUCCESS","Txn Success",NULL,"2023-02-23 00:00:00"
"33","2","4","2023-03-23","2023-03-23","0","1","cancelled","ORD_155138094",,"1000","TXN_SUCCESS","Txn Success",NULL,"2023-02-23 00:00:00"
"34","2","3","2023-03-23","2023-03-23","1",NULL,"booked","ORD_148922440",,"500","TXN_SUCCESS","Txn Success",NULL,"2023-02-23 00:00:00"
"35","2","4","2023-03-23","2023-03-23","1",NULL,"booked","ORD_154212241",,"1000","TXN_SUCCESS","Txn Success",NULL,"2023-03-23 00:00:00"
"36","2","3","2023-03-23","2023-03-23","1",NULL,"booked","ORD_153483128",,"500","TXN_SUCCESS","Txn Success",NULL,"2023-03-23 00:00:00"
"37","2","4","2023-03-23","2023-03-23","1",NULL,"booked","ORD_146585044",,"1000","TXN_SUCCESS","Txn Success",NULL,"2023-03-23 00:00:00"
"38","2","4","2023-03-23","2023-03-23","0","1","cancelled","ORD_152096279",,"1000","TXN_SUCCESS","Txn Success",NULL,"2023-03-23 00:00:00"
"39","2","4","2023-03-23","2023-03-23","0","1","cancelled","ORD_148779014",,"1000","TXN_SUCCESS","Txn Success",NULL,"2023-03-23 00:00:00"
"40","2","3","2023-03-23","2023-03-23","0","1","cancelled","ORD_154169705",,"500","TXN_SUCCESS","Txn Success",NULL,"2023-03-23 00:00:00"
"41","2","4","2023-03-23","2023-03-23","0","1","cancelled","ORD_153648514",,"1000","TXN_SUCCESS","Txn Success",NULL,"2023-03-23 00:00:00"
"42","2","4","2023-03-23","2023-03-23","1",NULL,"booked","ORD_155237250",,"1000","TXN_SUCCESS","Txn Success",NULL,"2023-03-23 00:00:00"
"43","2","4","2023-03-23","2023-03-23","1",NULL,"booked","ORD_147830915",,"1000","TXN_SUCCESS","Txn Success",NULL,"2023-03-23 00:00:00"
"44","2","4","2023-03-23","2023-03-23","1",NULL,"booked","ORD_154672954",,"1000","TXN_SUCCESS","Txn Success",NULL,"2023-03-23 00:00:00"
"45","2","4","2023-03-23","2023-03-23","0","1","cancelled","ORD_146838522",,"1000","TXN_SUCCESS","Txn Success",NULL,"2023-03-23 00:00:00"
"46","2","4","2023-03-23","2023-03-23","1",NULL,"booked","ORD_150740377",,"1000","TXN_SUCCESS","Txn Success",NULL,"2023-03-23 00:00:00"
"47","2","4","2023-03-23","2023-03-23","0","1","cancelled","ORD_148018730",,"1000","TXN_SUCCESS","Txn Success",NULL,"2023-03-23 00:00:00"
"48","2","4","2023-03-23","2023-03-23","1",NULL,"booked","ORD_155182991",,"1000","TXN_SUCCESS","Txn Success",NULL,"2023-03-23 00:00:00"
"49","2","4","2023-03-23","2023-03-23","1",NULL,"booked","ORD_154505875",,"1000","TXN_SUCCESS","Txn Success",NULL,"2023-03-23 00:00:00"
"50","2","3","2023-03-23","2023-03-23","1",NULL,"booked","ORD_152280243",,"500","TXN_SUCCESS","Txn Success",NULL,"2023-03-23 00:00:00"
"51","2","4","2023-03-23","2023-03-23","0","1","cancelled","ORD_146653993",,"1000","TXN_SUCCESS","Txn Success",NULL,"2023-03-23 00:00:00"
"52","2","3","2023-03-23","2023-03-23","0","1","cancelled","ORD_154508963",,"500","TXN_SUCCESS","Txn Success",NULL,"2023-03-23 00:00:00"
"53","2","4","2023-03-23","2023-03-23","1",NULL,"booked","ORD_149666024",,"1000","TXN_SUCCESS","Txn Success",NULL,"2023-03-23 00:00:00"
"54","2","4","2023-03-23","2023-03-23","0",NULL,"pending","ORD_149851946",,"0","pending",NULL,NULL,"2023-03-23 00:00:00"
"55","2","3","2023-03-23","2023-03-23","0",NULL,"pending","ORD_150421950",,"0","pending",NULL,NULL,"2023-03-23 00:00:00"
"56","2","4","2023-03-23","2023-03-23","0",NULL,"pending","ORD_151738598",,"0","pending",NULL,NULL,"2023-03-23 00:00:00"
"57","2","4","2023-03-23","2023-03-23","0",NULL,"pending","ORD_152793793",,"0","pending",NULL,NULL,"2023-03-23 00:00:00"
"58","2","3","2023-03-23","2023-03-23","0",NULL,"pending","ORD_151956527",,"0","pending",NULL,NULL,"2023-03-23 00:00:00"
"59","2","3","2023-03-23","2023-03-23","0",NULL,"pending","ORD_147923532",,"0","pending",NULL,NULL,"2023-03-23 00:00:00"
"60","2","3","2023-03-23","2023-03-23","1",NULL,"booked","ORD_149543749",,"500","TXN_SUCCESS","Txn Success",NULL,"2023-03-23 00:00:00"
"61","2","3","2023-03-23","2023-04-23","1",NULL,"booked","ORD_151429652",,"500","TXN_SUCCESS","Txn Success",NULL,"2023-03-23 00:00:00"
"62","2","3","2023-04-23","2023-04-23","0","1","cancelled","ORD_146993762",,"500","TXN_SUCCESS","Txn Success",NULL,"2023-03-23 00:00:00"
"63","2","3","2023-04-23","2023-04-23","1",NULL,"booked","ORD_147043814",,"500","TXN_SUCCESS","Txn Success",NULL,"2023-03-23 00:00:00"
"64","2","3","2023-04-23","2023-04-23","0","1","cancelled","ORD_149590336",,"500","TXN_SUCCESS","Txn Success",NULL,"2023-03-23 00:00:00"
"65","2","3","2023-04-23","2023-04-23","0","1","cancelled","ORD_154591043",,"500","TXN_SUCCESS","Txn Success",NULL,"2023-03-23 00:00:00"
"66","2","3","2023-04-23","2023-04-23","1",NULL,"booked","ORD_151270954",,"500","TXN_SUCCESS","Txn Success",NULL,"2023-04-23 00:00:00"
"67","2","4","2023-04-23","2023-04-23","0","1","cancelled","ORD_146229469",,"1000","TXN_SUCCESS","Txn Success",NULL,"2023-04-23 00:00:00"
"68","2","3","2023-04-23","2023-04-23","1",NULL,"booked","ORD_147538689",,"500","TXN_SUCCESS","Txn Success",NULL,"2023-04-23 00:00:00"
"69","2","4","2023-04-23","2023-04-23","1",NULL,"booked","ORD_149108853",,"1000","TXN_SUCCESS","Txn Success",NULL,"2023-04-23 00:00:00"
"70","2","3","2023-04-23","2023-04-23","0","1","cancelled","ORD_151354208",,"500","TXN_SUCCESS","Txn Success",NULL,"2023-04-23 00:00:00"
"71","2","3","2023-04-23","2023-04-23","0","1","cancelled","ORD_149675407",,"500","TXN_SUCCESS","Txn Success",NULL,"2023-04-23 00:00:00"
"72","2","3","2023-04-23","2023-04-23","0","1","cancelled","ORD_150488896",,"500","TXN_SUCCESS","Txn Success",NULL,"2023-04-23 00:00:00"
"73","2","3","2023-04-23","2023-04-23","0","1","cancelled","ORD_149301373",,"500","TXN_SUCCESS","Txn Success",NULL,"2023-04-23 00:00:00"
"74","2","3","2023-04-23","2023-04-23","0","1","cancelled","ORD_154254136",,"500","TXN_SUCCESS","Txn Success",NULL,"2023-04-23 00:00:00"
"75","2","3","2023-04-23","2023-04-23","1",NULL,"booked","ORD_149763411",,"500","TXN_SUCCESS","Txn Success",NULL,"2023-04-23 00:00:00"
"76","2","3","2023-04-23","2023-04-23","0","1","cancelled","ORD_152798545",,"500","TXN_SUCCESS","Txn Success",NULL,"2023-04-23 00:00:00"
"77","2","3","2023-04-23","2023-04-23","1",NULL,"booked","ORD_150986618",,"500","TXN_SUCCESS","Txn Success",NULL,"2023-04-23 00:00:00"
"78","2","3","2023-04-23","2023-04-23","0","1","cancelled","ORD_152710207",,"500","TXN_SUCCESS","Txn Success",NULL,"2023-04-23 00:00:00"
"79","2","4","2023-04-23","2023-04-23","1",NULL,"booked","ORD_155523464",,"1000","TXN_SUCCESS","Txn Success",NULL,"2023-04-23 00:00:00"
"80","2","3","2023-04-23","2023-04-23","1",NULL,"booked","ORD_147578933",,"500","TXN_SUCCESS","Txn Success",NULL,"2023-04-23 00:00:00"
"81","2","4","2023-04-23","2023-04-23","0","1","cancelled","ORD_155725087",,"1000","TXN_SUCCESS","Txn Success",NULL,"2023-04-23 00:00:00"
"82","2","3","2023-04-23","2023-04-23","0","1","cancelled","ORD_152198203",,"500","TXN_SUCCESS","Txn Success",NULL,"2023-04-23 00:00:00"
"83","2","3","2023-04-23","2023-04-23","1",NULL,"booked","ORD_155094267",,"500","TXN_SUCCESS","Txn Success",NULL,"2023-04-23 00:00:00"
"84","2","4","2023-04-23","2023-04-23","1",NULL,"booked","ORD_147718077",,"1000","TXN_SUCCESS","Txn Success",NULL,"2023-04-23 00:00:00"
"85","2","3","2023-04-23","2023-04-23","1",NULL,"booked","ORD_149559136",,"500","TXN_SUCCESS","Txn Success",NULL,"2023-04-23 00:00:00"
"86","2","4","2023-04-23","2023-04-23","0","1","cancelled","ORD_147604676",,"1000","TXN_SUCCESS","Txn Success",NULL,"2023-04-23 00:00:00"
"87","2","3","2023-04-23","2023-04-23","0","1","cancelled","ORD_150201687",,"500","TXN_SUCCESS","Txn Success",NULL,"2023-04-23 00:00:00"
"88","2","3","2023-04-23","2023-04-23","1",NULL,"booked","ORD_154490764",,"500","TXN_SUCCESS","Txn Success",NULL,"2023-04-23 00:00:00"
"89","2","3","2023-04-23","2023-04-23","1",NULL,"booked","ORD_155579247",,"500","TXN_SUCCESS","Txn Success",NULL,"2023-04-23 00:00:00"
"90","2","4","2023-04-23","2023-04-23","1",NULL,"booked","ORD_147610966",,"1000","TXN_SUCCESS","Txn Success",NULL,"2023-04-23 00:00:00"
"91","2","3","2023-04-23","2023-05-23","0","1","cancelled","ORD_154325222",,"500","TXN_SUCCESS","Txn Success",NULL,"2023-04-23 00:00:00"
"92","2","3","2023-05-23","2023-05-23","1",NULL,"booked","ORD_150683705",,"500","TXN_SUCCESS","Txn Success",NULL,"2023-04-23 00:00:00"
"93","2","3","2023-05-23","2023-05-23","0","1","cancelled","ORD_146838737",,"500","TXN_SUCCESS","Txn Success",NULL,"2023-04-23 00:00:00"
"94","2","3","2023-05-23","2023-05-23","1",NULL,"booked","ORD_155441312",,"500","TXN_SUCCESS","Txn Success",NULL,"2023-04-23 00:00:00"
"95","2","3","2023-05-23","2023-05-23","1",NULL,"booked","ORD_148506058",,"500","TXN_SUCCESS","Txn Success",NULL,"2023-04-23 00:00:00"
"96","2","4","2023-05-23","2023-05-23","0","1","cancelled","ORD_145956598",,"1000","TXN_SUCCESS","Txn Success",NULL,"2023-05-23 00:00:00"
"97","2","4","2023-05-23","2023-05-23","1",NULL,"booked","ORD_154581528",,"1000","TXN_SUCCESS","Txn Success",NULL,"2023-05-23 00:00:00"
"98","2","3","2023-05-23","2023-05-23","1",NULL,"booked","ORD_153076557",,"500","TXN_SUCCESS","Txn Success",NULL,"2023-05-23 00:00:00"
"99","2","3","2023-05-23","2023-05-23","1",NULL,"booked","ORD_146835300",,"500","TXN_SUCCESS","Txn Success",NULL,"2023-05-23 00:00:00"
"100","2","3","2023-05-23","2023-05-23","1",NULL,"booked","ORD_154251862",,"500","TXN_SUCCESS","Txn Success",NULL,"2023-05-23 00:00:00"
"101","2","3","2023-05-23","2023-05-23","1",NULL,"booked","ORD_152286464",,"500","TXN_SUCCESS","Txn Success",NULL,"2023-05-23 00:00:00"
"102","2","4","2023-05-23","2023-05-23","1",NULL,"booked","ORD_148621646",,"1000","TXN_SUCCESS","Txn Success",NULL,"2023-05-23 00:00:00"
"103","2","3","2023-05-23","2023-05-23","0","1","cancelled","ORD_150343828",,"500","TXN_SUCCESS","Txn Success",NULL,"2023-05-23 00:00:00"
"104","2","3","2023-05-23","2023-05-23","1",NULL,"booked","ORD_154704560",,"500","TXN_SUCCESS","Txn Success",NULL,"2023-05-23 00:00:00"
"105","2","3","2023-05-23","2023-05-23","0",NULL,"pending","ORD_154786170",,"0","pending",NULL,NULL,"2023-05-23 00:00:00"
"106","2","4","2023-05-23","2023-05-23","0",NULL,"pending","ORD_149638276",,"0","pending",NULL,NULL,"2023-05-23 00:00:00"
"107","2","3","2023-05-23","2023-05-23","0",NULL,"pending","ORD_148787014",,"0","pending",NULL,NULL,"2023-05-23 00:00:00"
"108","2","3","2023-05-23","2023-05-23","0",NULL,"pending","ORD_150638663",,"0","pending",NULL,NULL,"2023-05-23 00:00:00"
"109","2","3","2023-05-23","2023-05-23","0",NULL,"pending","ORD_147103383",,"0","pending",NULL,NULL,"2023-05-23 00:00:00"
"110","2","3","2023-05-23","2023-05-23","1",NULL,"booked","ORD_149103630",,"500","TXN_SUCCESS","Txn Success",NULL,"2023-05-23 00:00:00"
"111","2","3","2023-05-23","2023-05-23","1",NULL,"booked","ORD_151115608",,"500","TXN_SUCCESS","Txn Success",NULL,"2023-05-23 00:00:00"
"112","2","3","2023-05-23","2023-05-23","1",NULL,"booked","ORD_153686174",,"500","TXN_SUCCESS","Txn Success",NULL,"2023-05-23 00:00:00"
"113","2","3","2023-05-23","2023-05-23","1",NULL,"booked","ORD_148050727",,"500","TXN_SUCCESS","Txn Success",NULL,"2023-05-23 00:00:00"
"114","2","3","2023-05-23","2023-05-23","1",NULL,"booked","ORD_147747586",,"500","TXN_SUCCESS","Txn Success",NULL,"2023-05-23 00:00:00"
"115","2","3","2023-05-23","2023-05-23","1",NULL,"booked","ORD_147050442",,"500","TXN_SUCCESS","Txn Success",NULL,"2023-05-23 00:00:00"
"116","2","4","2023-05-23","2023-05-23","1",NULL,"booked","ORD_153523300",,"1000","TXN_SUCCESS","Txn Success",NULL,"2023-05-23 00:00:00"
"117","2","3","2023-05-23","2023-05-23","0","1","cancelled","ORD_152936289",,"500","TXN_SUCCESS","Txn Success",NULL,"2023-05-23 00:00:00"
"118","2","4","2023-05-23","2023-05-23","0","1","cancelled","ORD_149630621",,"1000","TXN_SUCCESS","Txn Success",NULL,"2023-05-23 00:00:00"
"119","2","4","2023-05-23","2023-05-23","0","1","cancelled","ORD_148305845",,"1000","TXN_SUCCESS","Txn Success",NULL,"2023-05-23 00:00:00"
"120","2","3","2023-05-23","2023-05-23","0","1","cancelled","ORD_149373602",,"500","TXN_SUCCESS","Txn Success",NULL,"2023-05-23 00:00:00"
"121","2","3","2023-05-23","2023-05-23","1",NULL,"booked","ORD_152946284",,"500","TXN_SUCCESS","Txn Success",NULL,"2023-05-23 00:00:00"
"122","2","3","2023-05-23","2023-06-23","1",NULL,"booked","ORD_152266197",,"500","TXN_SUCCESS","Txn Success",NULL,"2023-05-23 00:00:00"
"123","2","3","2023-06-23","2023-06-23","1",NULL,"booked","ORD_153598516",,"500","TXN_SUCCESS","Txn Success",NULL,"2023-05-23 00:00:00"
"124","2","3","2023-06-23","2023-06-23","0","1","cancelled","ORD_151591494",,"500","TXN_SUCCESS","Txn Success",NULL,"2023-05-23 00:00:00"
"125","2","3","2023-06-23","2023-06-23","0","1","cancelled","ORD_149713553",,"500","TXN_SUCCESS","Txn Success",NULL,"2023-05-23 00:00:00"
"126","2","3","2023-06-23","2023-06-23","0","1","cancelled","ORD_149245295",,"500","TXN_SUCCESS","Txn Success",NULL,"2023-05-23 00:00:00"
"127","2","3","2023-06-23","2023-06-23","1",NULL,"booked","ORD_149796641",,"500","TXN_SUCCESS","Txn Success",NULL,"2023-06-23 00:00:00"
"128","2","3","2023-06-23","2023-06-23","0","1","cancelled","ORD_155710829",,"500","TXN_SUCCESS","Txn Success",NULL,"2023-06-23 00:00:00"
"129","2","4","2023-06-23","2023-06-23","1",NULL,"booked","ORD_148017467",,"1000","TXN_SUCCESS","Txn Success",NULL,"2023-06-23 00:00:00"
"130","2","3","2023-06-23","2023-06-23","1",NULL,"booked","ORD_148414608",,"500","TXN_SUCCESS","Txn Success",NULL,"2023-06-23 00:00:00"
"131","2","3","2023-06-23","2023-06-23","0","1","cancelled","ORD_154898232",,"500","TXN_SUCCESS","Txn Success",NULL,"2023-06-23 00:00:00"
"132","2","3","2023-06-23","2023-06-23","1",NULL,"booked","ORD_146101099",,"500","TXN_SUCCESS","Txn Success",NULL,"2023-06-23 00:00:00"
"133","2","3","2023-06-23","2023-06-23","0","1","cancelled","ORD_147650904",,"500","TXN_SUCCESS","Txn Success",NULL,"2023-06-23 00:00:00"
"134","2","3","2023-06-23","2023-06-23","0","1","cancelled","ORD_148554405",,"500","TXN_SUCCESS","Txn Success",NULL,"2023-06-23 00:00:00"
"135","2","4","2023-06-23","2023-06-23","0","1","cancelled","ORD_154419942",,"1000","TXN_SUCCESS","Txn Success",NULL,"2023-06-23 00:00:00"
"136","2","3","2023-06-23","2023-06-23","0","1","cancelled","ORD_150350642",,"500","TXN_SUCCESS","Txn Success",NULL,"2023-06-23 00:00:00"
"137","2","3","2023-06-23","2023-06-23","0","1","cancelled","ORD_151470845",,"500","TXN_SUCCESS","Txn Success",NULL,"2023-06-23 00:00:00"
"138","2","3","2023-06-23","2023-06-23","1",NULL,"booked","ORD_151785717",,"500","TXN_SUCCESS","Txn Success",NULL,"2023-06-23 00:00:00"
"139","2","3","2023-06-23","2023-06-23","1",NULL,"booked","ORD_149127211",,"500","TXN_SUCCESS","Txn Success",NULL,"2023-06-23 00:00:00"
"140","2","3","2023-06-23","2023-06-23","1",NULL,"booked","ORD_155516302",,"500","TXN_SUCCESS","Txn Success",NULL,"2023-06-23 00:00:00"
"141","2","3","2023-06-23","2023-06-23","0","1","cancelled","ORD_152672690",,"500","TXN_SUCCESS","Txn Success",NULL,"2023-06-23 00:00:00"
"142","2","3","2023-06-23","2023-06-23","1",NULL,"booked","ORD_154008004",,"500","TXN_SUCCESS","Txn Success",NULL,"2023-06-23 00:00:00"
"143","2","3","2023-06-23","2023-06-23","0","1","cancelled","ORD_154541022",,"500","TXN_SUCCESS","Txn Success",NULL,"2023-06-23 00:00:00"
"144","2","4","2023-06-23","2023-06-23","1",NULL,"booked","ORD_155028578",,"1000","TXN_SUCCESS","Txn Success",NULL,"2023-06-23 00:00:00"
"145","2","4","2023-06-23","2023-06-23","0","1","cancelled","ORD_148607119",,"1000","TXN_SUCCESS","Txn Success",NULL,"2023-06-23 00:00:00"
"146","2","3","2023-06-23","2023-06-23","1",NULL,"booked","ORD_148455235",,"500","TXN_SUCCESS","Txn Success",NULL,"2023-06-23 00:00:00"
"147","2","3","2023-06-23","2023-06-23","0","1","cancelled","ORD_155672514",,"500","TXN_SUCCESS","Txn Success",NULL,"2023-06-23 00:00:00"
"148","2","4","2023-06-23","2023-06-23","1",NULL,"booked","ORD_151493014",,"1000","TXN_SUCCESS","Txn Success",NULL,"2023-06-23 00:00:00"
"149","2","3","2023-06-23","2023-06-23","1",NULL,"booked","ORD_154011841",,"500","TXN_SUCCESS","Txn Success",NULL,"2023-06-23 00:00:00"
"150","2","3","2023-06-23","2023-06-23","0",NULL,"pending","ORD_147284132",,"0","pending",NULL,NULL,"2023-06-23 00:00:00"
"151","2","3","2023-06-23","2023-06-23","0",NULL,"pending","ORD_154829464",,"0","pending",NULL,NULL,"2023-06-23 00:00:00"
"152","2","3","2023-06-23","2023-07-23","0",NULL,"pending","ORD_146379683",,"0","pending",NULL,NULL,"2023-06-23 00:00:00"
"153","2","3","2023-07-23","2023-07-23","1",NULL,"booked","ORD_146205589",,"500","TXN_SUCCESS","Txn Success",NULL,"2023-06-23 00:00:00"
"154","2","4","2023-07-23","2023-07-23","1",NULL,"booked","ORD_150237258",,"1000","TXN_SUCCESS","Txn Success",NULL,"2023-06-23 00:00:00"
"155","2","3","2023-07-23","2023-07-23","1",NULL,"booked","ORD_148031230",,"500","TXN_SUCCESS","Txn Success",NULL,"2023-06-23 00:00:00"
"156","2","4","2023-07-23","2023-07-23","0","1","cancelled","ORD_148263031",,"1000","TXN_SUCCESS","Txn Success",NULL,"2023-06-23 00:00:00"
"157","2","3","2023-07-23","2023-07-23","0","1","cancelled","ORD_148212285",,"500","TXN_SUCCESS","Txn Success",NULL,"2023-07-23 00:00:00"
"158","2","3","2023-07-23","2023-07-23","1",NULL,"booked","ORD_149315791",,"500","TXN_SUCCESS","Txn Success",NULL,"2023-07-23 00:00:00"
"159","2","3","2023-07-23","2023-07-23","0","1","cancelled","ORD_149640174",,"500","TXN_SUCCESS","Txn Success",NULL,"2023-07-23 00:00:00"
"160","2","3","2023-07-23","2023-07-23","1",NULL,"booked","ORD_151165744",,"500","TXN_SUCCESS","Txn Success",NULL,"2023-07-23 00:00:00"
"161","2","3","2023-07-23","2023-07-23","0","1","cancelled","ORD_145918858",,"500","TXN_SUCCESS","Txn Success",NULL,"2023-07-23 00:00:00"
"162","2","3","2023-07-23","2023-07-23","0","1","cancelled","ORD_155072399",,"500","TXN_SUCCESS","Txn Success",NULL,"2023-07-23 00:00:00"
"163","2","3","2023-07-23","2023-07-23","0","1","cancelled","ORD_155259064",,"500","TXN_SUCCESS","Txn Success",NULL,"2023-07-23 00:00:00"
"164","2","3","2023-07-23","2023-07-23","0","1","cancelled","ORD_153878223",,"500","TXN_SUCCESS","Txn Success",NULL,"2023-07-23 00:00:00"
"165","2","3","2023-07-23","2023-07-23","0","1","cancelled","ORD_149411292",,"500","TXN_SUCCESS","Txn Success",NULL,"2023-07-23 00:00:00"
"166","2","3","2023-07-23","2023-07-23","0","1","cancelled","ORD_153060836",,"500","TXN_SUCCESS","Txn Success",NULL,"2023-07-23 00:00:00"
"167","2","4","2023-07-23","2023-07-23","0","1","cancelled","ORD_155378012",,"1000","TXN_SUCCESS","Txn Success",NULL,"2023-07-23 00:00:00"
"168","2","3","2023-07-23","2023-07-23","0","1","cancelled","ORD_154466367",,"500","TXN_SUCCESS","Txn Success",NULL,"2023-07-23 00:00:00"
"169","2","3","2023-07-23","2023-07-23","0","1","cancelled","ORD_146959532",,"500","TXN_SUCCESS","Txn Success",NULL,"2023-07-23 00:00:00"
"170","2","3","2023-07-23","2023-07-23","1",NULL,"booked","ORD_152083786",,"500","TXN_SUCCESS","Txn Success",NULL,"2023-07-23 00:00:00"
"171","2","3","2023-07-23","2023-07-23","0","1","cancelled","ORD_146191696",,"500","TXN_SUCCESS","Txn Success",NULL,"2023-07-23 00:00:00"
"172","2","3","2023-07-23","2023-07-23","1",NULL,"booked","ORD_152525491",,"500","TXN_SUCCESS","Txn Success",NULL,"2023-07-23 00:00:00"
"173","2","3","2023-07-23","2023-07-23","1",NULL,"booked","ORD_146022051",,"500","TXN_SUCCESS","Txn Success",NULL,"2023-07-23 00:00:00"
"174","2","3","2023-07-23","2023-07-23","0","1","cancelled","ORD_147648423",,"500","TXN_SUCCESS","Txn Success",NULL,"2023-07-23 00:00:00"
"175","2","3","2023-07-23","2023-07-23","1",NULL,"booked","ORD_151171038",,"500","TXN_SUCCESS","Txn Success",NULL,"2023-07-23 00:00:00"
"176","2","6","2023-07-23","2023-07-23","0","1","cancelled","ORD_146588094",,"2000","TXN_SUCCESS","Txn Success",NULL,"2023-07-23 00:00:00"
"177","2","6","2023-07-23","2023-07-23","0","1","cancelled","ORD_152298009",,"2000","TXN_SUCCESS","Txn Success",NULL,"2023-07-23 00:00:00"
"178","2","4","2023-07-23","2023-07-23","1",NULL,"booked","ORD_146255254",,"1000","TXN_SUCCESS","Txn Success",NULL,"2023-07-23 00:00:00"
"179","2","3","2023-07-23","2023-07-23","0","1","cancelled","ORD_152667604",,"500","TXN_SUCCESS","Txn Success",NULL,"2023-07-23 00:00:00"
"180","2","5","2023-07-23","2023-07-23","0","1","cancelled","ORD_149478597",,"1500","TXN_SUCCESS","Txn Success",NULL,"2023-07-23 00:00:00"
"181","2","6","2023-07-23","2023-07-23","1",NULL,"booked","ORD_153676085",,"2000","TXN_SUCCESS","Txn Success",NULL,"2023-07-23 00:00:00"
"182","2","5","2023-07-23","2023-07-23","1",NULL,"booked","ORD_148588600",,"1500","TXN_SUCCESS","Txn Success",NULL,"2023-07-23 00:00:00"
"183","2","3","2023-07-23","2023-08-23","1",NULL,"booked","ORD_152888452",,"500","TXN_SUCCESS","Txn Success",NULL,"2023-07-23 00:00:00"
"184","2","6","2023-08-23","2023-08-23","1",NULL,"booked","ORD_153075633",,"2000","TXN_SUCCESS","Txn Success",NULL,"2023-07-23 00:00:00"
"185","2","6","2023-08-23","2023-08-23","1",NULL,"booked","ORD_155586083",,"2000","TXN_SUCCESS","Txn Success",NULL,"2023-07-23 00:00:00"
"186","2","5","2023-08-23","2023-08-23","1",NULL,"booked","ORD_154174748",,"1500","TXN_SUCCESS","Txn Success",NULL,"2023-07-23 00:00:00"
"187","2","5","2023-08-23","2023-08-23","1",NULL,"booked","ORD_148474469",,"1500","TXN_SUCCESS","Txn Success",NULL,"2023-07-23 00:00:00"
"188","2","5","2023-08-23","2023-08-23","1",NULL,"booked","ORD_151811171",,"1500","TXN_SUCCESS","Txn Success",NULL,"2023-08-23 00:00:00"
"189","2","5","2023-08-23","2023-08-23","0",NULL,"pending","ORD_150435568",,"0","pending",NULL,NULL,"2023-08-23 00:00:00"
"190","2","6","2023-08-23","2023-08-23","1",NULL,"booked","ORD_154479284",,"2000","TXN_SUCCESS","Txn Success",NULL,"2023-08-23 00:00:00"
"191","2","5","2023-08-23","2023-08-23","1",NULL,"booked","ORD_149614766",,"1500","TXN_SUCCESS","Txn Success",NULL,"2023-08-23 00:00:00"
"192","2","6","2023-08-23","2023-08-23","1",NULL,"booked","ORD_153969558",,"2000","TXN_SUCCESS","Txn Success",NULL,"2023-08-23 00:00:00"
"193","2","5","2023-08-23","2023-08-23","1",NULL,"booked","ORD_147781184",,"1500","TXN_SUCCESS","Txn Success",NULL,"2023-08-23 00:00:00"
"194","2","5","2023-08-23","2023-08-23","1",NULL,"booked","ORD_155432963",,"1500","TXN_SUCCESS","Txn Success",NULL,"2023-08-23 00:00:00"
"195","2","5","2023-08-23","2023-08-23","1",NULL,"booked","ORD_145975839",,"1500","TXN_SUCCESS","Txn Success",NULL,"2023-08-23 00:00:00"
"196","2","6","2023-08-23","2023-08-23","0",NULL,"pending","ORD_155536771",,"0","pending",NULL,NULL,"2023-08-23 00:00:00"
"197","2","5","2023-08-23","2023-08-23","1",NULL,"booked","ORD_153091566",,"1500","TXN_SUCCESS","Txn Success",NULL,"2023-08-23 00:00:00"
"198","2","5","2023-08-23","2023-08-23","1",NULL,"booked","ORD_148704473",,"1500","TXN_SUCCESS","Txn Success",NULL,"2023-08-23 00:00:00"
"199","2","6","2023-08-23","2023-08-23","1",NULL,"booked","ORD_149999968",,"2000","TXN_SUCCESS","Txn Success",NULL,"2023-08-23 00:00:00"
"200","2","6","2023-08-23","2023-08-23","1",NULL,"booked","ORD_147506193",,"2000","TXN_SUCCESS","Txn Success",NULL,"2023-08-23 00:00:00"
"201","2","6","2023-08-23","2023-08-23","1",NULL,"booked","ORD_150337952",,"2000","TXN_SUCCESS","Txn Success",NULL,"2023-08-23 00:00:00"
"202","2","5","2023-08-23","2023-08-23","1",NULL,"booked","ORD_154317957",,"1500","TXN_SUCCESS","Txn Success",NULL,"2023-08-23 00:00:00"
"203","2","5","2023-08-23","2023-08-23","1",NULL,"booked","ORD_150656982",,"1500","TXN_SUCCESS","Txn Success",NULL,"2023-08-23 00:00:00"
"204","2","6","2023-08-23","2023-08-23","1",NULL,"booked","ORD_149806956",,"2000","TXN_SUCCESS","Txn Success",NULL,"2023-08-23 00:00:00"
"205","2","6","2023-08-23","2023-08-23","0","1","cancelled","ORD_154750933",,"2000","TXN_SUCCESS","Txn Success",NULL,"2023-08-23 00:00:00"
"206","2","5","2023-08-23","2023-08-23","0","1","cancelled","ORD_152757885",,"1500","TXN_SUCCESS","Txn Success",NULL,"2023-08-23 00:00:00"
"207","2","6","2023-08-23","2023-08-23","1",NULL,"booked","ORD_146423023",,"2000","TXN_SUCCESS","Txn Success",NULL,"2023-08-23 00:00:00"
"208","2","6","2023-08-23","2023-08-23","1",NULL,"booked","ORD_148738656",,"2000","TXN_SUCCESS","Txn Success",NULL,"2023-08-23 00:00:00"
"209","2","5","2023-08-23","2023-08-23","1",NULL,"booked","ORD_154179410",,"1500","TXN_SUCCESS","Txn Success",NULL,"2023-08-23 00:00:00"
"210","2","5","2023-08-23","2023-08-23","1",NULL,"booked","ORD_146592044",,"1500","TXN_SUCCESS","Txn Success",NULL,"2023-08-23 00:00:00"
"211","2","6","2023-08-23","2023-08-23","1",NULL,"booked","ORD_152351612",,"2000","TXN_SUCCESS","Txn Success",NULL,"2023-08-23 00:00:00"
"212","2","6","2023-08-23","2023-08-23","1",NULL,"booked","ORD_153087353",,"2000","TXN_SUCCESS","Txn Success",NULL,"2023-08-23 00:00:00"
"213","2","5","2023-08-23","2023-08-23","1",NULL,"booked","ORD_152915238",,"1500","TXN_SUCCESS","Txn Success",NULL,"2023-08-23 00:00:00"
"214","2","5","2023-08-23","2023-09-23","0","1","cancelled","ORD_149243207",,"1500","TXN_SUCCESS","Txn Success",NULL,"2023-08-23 00:00:00"
"215","2","6","2023-09-23","2023-09-23","0","1","cancelled","ORD_147349214",,"2000","TXN_SUCCESS","Txn Success",NULL,"2023-08-23 00:00:00"
"216","2","6","2023-09-23","2023-09-23","1",NULL,"booked","ORD_153113369",,"2000","TXN_SUCCESS","Txn Success",NULL,"2023-08-23 00:00:00"
"217","2","5","2023-09-23","2023-09-23","1",NULL,"booked","ORD_154525853",,"1500","TXN_SUCCESS","Txn Success",NULL,"2023-08-23 00:00:00"
"218","2","6","2023-09-23","2023-09-23","1",NULL,"booked","ORD_151900544",,"2000","TXN_SUCCESS","Txn Success",NULL,"2023-08-23 00:00:00"
"219","2","6","2023-09-23","2023-09-23","1",NULL,"booked","ORD_155784902",,"2000","TXN_SUCCESS","Txn Success",NULL,"2023-09-23 00:00:00"
"220","2","6","2023-09-23","2023-09-23","1",NULL,"booked","ORD_155806027",,"2000","TXN_SUCCESS","Txn Success",NULL,"2023-09-23 00:00:00"
"221","2","5","2023-09-23","2023-09-23","1",NULL,"booked","ORD_153764407",,"1500","TXN_SUCCESS","Txn Success",NULL,"2023-09-23 00:00:00"
"222","2","5","2023-09-23","2023-09-23","1",NULL,"booked","ORD_150864576",,"1500","TXN_SUCCESS","Txn Success",NULL,"2023-09-23 00:00:00"
"223","2","6","2023-09-23","2023-09-23","1",NULL,"booked","ORD_146915205",,"2000","TXN_SUCCESS","Txn Success",NULL,"2023-09-23 00:00:00"
"224","2","6","2023-09-23","2023-09-23","1",NULL,"booked","ORD_151396119",,"2000","TXN_SUCCESS","Txn Success",NULL,"2023-09-23 00:00:00"
"225","2","5","2023-09-23","2023-09-23","1",NULL,"booked","ORD_148954022",,"1500","TXN_SUCCESS","Txn Success",NULL,"2023-09-23 00:00:00"
"226","2","6","2023-09-23","2023-09-23","1",NULL,"booked","ORD_149955451",,"2000","TXN_SUCCESS","Txn Success",NULL,"2023-09-23 00:00:00"
"227","2","5","2023-09-23","2023-09-23","1",NULL,"booked","ORD_152270924",,"1500","TXN_SUCCESS","Txn Success",NULL,"2023-09-23 00:00:00"
"228","2","5","2023-09-23","2023-09-23","1",NULL,"booked","ORD_154386812",,"1500","TXN_SUCCESS","Txn Success",NULL,"2023-09-23 00:00:00"
"229","2","5","2023-09-23","2023-09-23","1",NULL,"booked","ORD_146145019",,"1500","TXN_SUCCESS","Txn Success",NULL,"2023-09-23 00:00:00"
"230","2","6","2023-09-23","2023-09-23","1",NULL,"booked","ORD_154775373",,"2000","TXN_SUCCESS","Txn Success",NULL,"2023-09-23 00:00:00"
"231","2","5","2023-09-23","2023-09-23","1",NULL,"booked","ORD_151882873",,"1500","TXN_SUCCESS","Txn Success",NULL,"2023-09-23 00:00:00"
"232","2","6","2023-09-23","2023-09-23","1",NULL,"booked","ORD_150167388",,"2000","TXN_SUCCESS","Txn Success",NULL,"2023-09-23 00:00:00"
"233","2","5","2023-09-23","2023-09-23","1",NULL,"booked","ORD_153904115",,"1500","TXN_SUCCESS","Txn Success",NULL,"2023-09-23 00:00:00"
"234","2","6","2023-09-23","2023-09-23","0","1","cancelled","ORD_153001805",,"2000","TXN_SUCCESS","Txn Success",NULL,"2023-09-23 00:00:00"
"235","2","6","2023-09-23","2023-09-23","0","1","cancelled","ORD_152452533",,"2000","TXN_SUCCESS","Txn Success",NULL,"2023-09-23 00:00:00"
"236","2","5","2023-09-23","2023-09-23","1",NULL,"booked","ORD_155418809",,"1500","TXN_SUCCESS","Txn Success",NULL,"2023-09-23 00:00:00"
"237","2","6","2023-09-23","2023-09-23","1",NULL,"booked","ORD_149920418",,"2000","TXN_SUCCESS","Txn Success",NULL,"2023-09-23 00:00:00"
"238","2","5","2023-09-23","2023-09-23","1",NULL,"booked","ORD_151109371",,"1500","TXN_SUCCESS","Txn Success",NULL,"2023-09-23 00:00:00"
"239","2","6","2023-09-23","2023-09-23","1",NULL,"booked","ORD_155858600",,"2000","TXN_SUCCESS","Txn Success",NULL,"2023-09-23 00:00:00"
"240","2","5","2023-09-23","2023-09-23","1",NULL,"booked","ORD_146171817",,"1500","TXN_SUCCESS","Txn Success",NULL,"2023-09-23 00:00:00"
"241","2","6","2023-09-23","2023-09-23","1",NULL,"booked","ORD_153088540",,"2000","TXN_SUCCESS","Txn Success",NULL,"2023-09-23 00:00:00"
"242","2","6","2023-09-23","2023-09-23","1",NULL,"booked","ORD_148017440",,"2000","TXN_SUCCESS","Txn Success",NULL,"2023-09-23 00:00:00"
"243","2","5","2023-09-23","2023-09-23","1",NULL,"booked","ORD_154832403",,"1500","TXN_SUCCESS","Txn Success",NULL,"2023-09-23 00:00:00"
"244","2","6","2023-09-23","2023-10-23","0","1","cancelled","ORD_149578863",,"2000","TXN_SUCCESS","Txn Success",NULL,"2023-09-23 00:00:00"
"245","2","5","2023-10-23","2023-10-23","1",NULL,"booked","ORD_150535369",,"1500","TXN_SUCCESS","Txn Success",NULL,"2023-09-23 00:00:00"
"246","2","5","2023-10-23","2023-10-23","0","1","cancelled","ORD_147921044",,"1500","TXN_SUCCESS","Txn Success",NULL,"2023-09-23 00:00:00"
"247","2","5","2023-10-23","2023-10-23","0","1","cancelled","ORD_149122170",,"1500","TXN_SUCCESS","Txn Success",NULL,"2023-09-23 00:00:00"
"248","2","6","2023-10-23","2023-10-23","1",NULL,"booked","ORD_148256424",,"2000","TXN_SUCCESS","Txn Success",NULL,"2023-09-23 00:00:00"
"249","2","6","2023-10-23","2023-10-23","1",NULL,"booked","ORD_152376081",,"2000","TXN_SUCCESS","Txn Success",NULL,"2023-10-23 00:00:00"
"250","2","5","2023-10-23","2023-10-23","1",NULL,"booked","ORD_152866748",,"1500","TXN_SUCCESS","Txn Success",NULL,"2023-10-23 00:00:00"
"251","2","3","2023-10-23","2023-10-23","1",NULL,"booked","ORD_152856105",,"500","TXN_SUCCESS","Txn Success",NULL,"2023-10-23 00:00:00"
"252","2","3","2023-10-23","2023-10-23","1",NULL,"booked","ORD_150860048",,"500","TXN_SUCCESS","Txn Success",NULL,"2023-10-23 00:00:00"
"253","2","3","2023-10-23","2023-10-23","1",NULL,"booked","ORD_153843590",,"500","TXN_SUCCESS","Txn Success",NULL,"2023-10-23 00:00:00"
"254","2","3","2023-10-23","2023-10-23","0","1","cancelled","ORD_149713156",,"500","TXN_SUCCESS","Txn Success",NULL,"2023-10-23 00:00:00"
"255","2","6","2023-10-23","2023-10-23","1",NULL,"booked","ORD_147600104",,"2000","TXN_SUCCESS","Txn Success",NULL,"2023-10-23 00:00:00"
"256","2","6","2023-10-23","2023-10-23","1",NULL,"booked","ORD_153375370",,"2000","TXN_SUCCESS","Txn Success",NULL,"2023-10-23 00:00:00"
"257","2","6","2023-10-23","2023-10-23","1",NULL,"booked","ORD_152376094",,"2000","TXN_SUCCESS","Txn Success",NULL,"2023-10-23 00:00:00"
"258","2","5","2023-10-23","2023-10-23","0","1","cancelled","ORD_147209684",,"1500","TXN_SUCCESS","Txn Success",NULL,"2023-10-23 00:00:00"
"259","2","5","2023-10-23","2023-10-23","0","1","cancelled","ORD_150994384",,"1500","TXN_SUCCESS","Txn Success",NULL,"2023-10-23 00:00:00"
"260","2","6","2023-10-23","2023-10-23","1",NULL,"booked","ORD_150124602",,"2000","TXN_SUCCESS","Txn Success",NULL,"2023-10-23 00:00:00"
"261","2","5","2023-10-23","2023-10-23","1",NULL,"booked","ORD_147197606",,"1500","TXN_SUCCESS","Txn Success",NULL,"2023-10-23 00:00:00"
"262","2","5","2023-10-23","2023-10-23","1",NULL,"booked","ORD_152517783",,"1500","TXN_SUCCESS","Txn Success",NULL,"2023-10-23 00:00:00"
"263","2","5","2023-10-23","2023-10-23","1",NULL,"booked","ORD_149901240",,"1500","TXN_SUCCESS","Txn Success",NULL,"2023-10-23 00:00:00"
"264","2","5","2023-10-23","2023-10-23","1",NULL,"booked","ORD_155674364",,"1500","TXN_SUCCESS","Txn Success",NULL,"2023-10-23 00:00:00"
"265","2","6","2023-10-23","2023-10-23","1",NULL,"booked","ORD_151752151",,"2000","TXN_SUCCESS","Txn Success",NULL,"2023-10-23 00:00:00"
"266","2","6","2023-10-23","2023-10-23","1",NULL,"booked","ORD_152091424",,"2000","TXN_SUCCESS","Txn Success",NULL,"2023-10-23 00:00:00"
"267","2","6","2023-10-23","2023-10-23","1",NULL,"booked","ORD_154217026",,"2000","TXN_SUCCESS","Txn Success",NULL,"2023-10-23 00:00:00"
"268","2","6","2023-10-23","2023-10-23","1",NULL,"booked","ORD_150154192",,"2000","TXN_SUCCESS","Txn Success",NULL,"2023-10-23 00:00:00"
"269","2","6","2023-10-23","2023-10-23","1",NULL,"booked","ORD_153164694",,"2000","TXN_SUCCESS","Txn Success",NULL,"2023-10-23 00:00:00"
"270","2","4","2023-10-23","2023-10-23","1",NULL,"booked","ORD_155184341",,"1000","TXN_SUCCESS","Txn Success",NULL,"2023-10-23 00:00:00"
"271","2","4","2023-10-23","2023-10-23","1",NULL,"booked","ORD_151397270",,"1000","TXN_SUCCESS","Txn Success",NULL,"2023-10-23 00:00:00"
"272","2","4","2023-10-23","2023-10-23","1",NULL,"booked","ORD_145971854",,"1000","TXN_SUCCESS","Txn Success",NULL,"2023-10-23 00:00:00"
"273","2","5","2023-10-23","2023-10-23","1",NULL,"booked","ORD_154220516",,"1500","TXN_SUCCESS","Txn Success",NULL,"2023-10-23 00:00:00"
"274","2","5","2023-10-23","2023-10-23","1",NULL,"booked","ORD_152815853",,"1500","TXN_SUCCESS","Txn Success",NULL,"2023-10-23 00:00:00"
"278","14","3","2023-11-16","2023-11-18","0",NULL,"pending","ORD_143916080",NULL,"0","pending",NULL,NULL,"2023-11-15 19:48:47"
"279","14","5","2023-11-17","2023-11-18","0",NULL,"pending","ORD_146090096",NULL,"0","pending",NULL,NULL,"2023-11-15 22:09:50"
"280","14","5","2023-11-17","2023-11-19","0",NULL,"pending","ORD_149693399","TXN_6554f84215e254.33547829","0","TXN_SUCCESS",NULL,NULL,"2023-11-15 22:26:34"
"281","14","5","2023-11-17","2023-11-19","0",NULL,"pending","ORD_148856773","TXN_6554f852be4894.31849081","0","TXN_SUCCESS",NULL,NULL,"2023-11-15 22:26:50"
"282","14","5","2023-11-17","2023-11-19","0",NULL,"pending","ORD_146039449","TXN_6554f8a50c15a5.38547940","0","TXN_SUCCESS",NULL,NULL,"2023-11-15 22:28:13"
"283","14","5","2023-11-16","2023-11-18","0",NULL,"pending","ORD_14891110","4170612128","0","TXN_SUCCESS",NULL,NULL,"2023-11-15 22:56:16"
